{
    "$schema": "https://schema.management.azure.com/schemas/2015-01-01/deploymentParameters.json#",
    "contentVersion": "1.0.0.0",
    "parameters": {
        "location": {
            "value": "eastus"
        },
        "networkInterfaceName": {
            "value": "sql2017vm48"
        },
        "enableAcceleratedNetworking": {
            "value": true
        },
        "subnetName": {
            "value": "default"
        },
        "virtualNetworkName": {
            "value": "sqlrg-vnet"
        },
        "addressPrefixes": {
            "value": [
                "10.0.1.0/24"
            ]
        },
        "subnets": {
            "value": [
                {
                    "name": "default",
                    "properties": {
                        "addressPrefix": "10.0.1.0/24"
                    }
                }
            ]
        },
        "publicIpAddressName": {
            "value": "sql2017vm-ip"
        },
        "publicIpAddressType": {
            "value": "Dynamic"
        },
        "publicIpAddressSku": {
            "value": "Basic"
        },
        "virtualMachineName": {
            "value": "sql2017vm"
        },
        "virtualMachineRG": {
            "value": "sqlrg"
        },
        "diskNameSalt": {
            "value": "20190430135558"
        },
        "storageAccountName": {
            "value": "sqlrgdisks840"
        },
        "storageAccountType": {
            "value": "Standard_LRS"
        },
        "storageAccountKind": {
            "value": "Storage"
        },
        "dataDisks": {
            "value": [
                {
                    "lun": 0,
                    "createOption": "empty",
                    "caching": "ReadOnly",
                    "diskSizeGB": 1023
                }
            ]
        },
        "virtualMachineSize": {
            "value": "Standard_DS12_v2"
        },
        "adminUsername": {
            "value": "Azureadmin"
        },
        "adminPassword": {
            "value": null
        },
        "sqlVirtualMachineLocation": {
            "value": "eastus"
        },
        "sqlVirtualMachineName": {
            "value": "sql2017vm"
        },
        "sqlConnectivityType": {
            "value": "Public"
        },
        "sqlPortNumber": {
            "value": 1433
        },
        "sqlStorageDisksCount": {
            "value": 1
        },
        "sqlStorageWorkloadType": {
            "value": "GENERAL"
        },
        "sqlStorageDisksConfigurationType": {
            "value": "NEW"
        },
        "sqlStorageStartingDeviceId": {
            "value": 2
        },
        "sqlStorageDeploymentToken": {
            "value": 25863
        },
        "sqlAutopatchingDayOfWeek": {
            "value": "Sunday"
        },
        "sqlAutopatchingStartHour": {
            "value": "2"
        },
        "sqlAutopatchingWindowDuration": {
            "value": "60"
        },
        "sqlAuthenticationLogin": {
            "value": "Azureadmin"
        },
        "sqlAuthenticationPassword": {
            "value": null
        },
        "rServicesEnabled": {
            "value": "false"
        }
    }
}