{
    "$schema": "http://schema.management.azure.com/schemas/2015-01-01/deploymentTemplate.json#",
    "contentVersion": "1.0.0.0",
    "parameters": {
        "location": {
            "type": "string"
        },
        "networkInterfaceName": {
            "type": "string"
        },
        "enableAcceleratedNetworking": {
            "type": "bool"
        },
        "subnetName": {
            "type": "string"
        },
        "virtualNetworkName": {
            "type": "string"
        },
        "addressPrefixes": {
            "type": "array"
        },
        "subnets": {
            "type": "array"
        },
        "publicIpAddressName": {
            "type": "string"
        },
        "publicIpAddressType": {
            "type": "string"
        },
        "publicIpAddressSku": {
            "type": "string"
        },
        "virtualMachineName": {
            "type": "string"
        },
        "virtualMachineRG": {
            "type": "string"
        },
        "diskNameSalt": {
            "type": "string"
        },
        "storageAccountName": {
            "type": "string"
        },
        "storageAccountType": {
            "type": "string"
        },
        "storageAccountKind": {
            "type": "string"
        },
        "dataDisks": {
            "type": "array"
        },
        "virtualMachineSize": {
            "type": "string"
        },
        "adminUsername": {
            "type": "string"
        },
        "adminPassword": {
            "type": "secureString"
        },
        "sqlVirtualMachineLocation": {
            "type": "string"
        },
        "sqlVirtualMachineName": {
            "type": "string"
        },
        "sqlConnectivityType": {
            "type": "string"
        },
        "sqlPortNumber": {
            "type": "int"
        },
        "sqlStorageDisksCount": {
            "type": "int"
        },
        "sqlStorageWorkloadType": {
            "type": "string"
        },
        "sqlStorageDisksConfigurationType": {
            "type": "string"
        },
        "sqlStorageStartingDeviceId": {
            "type": "int"
        },
        "sqlStorageDeploymentToken": {
            "type": "int"
        },
        "sqlAutopatchingDayOfWeek": {
            "type": "string"
        },
        "sqlAutopatchingStartHour": {
            "type": "string"
        },
        "sqlAutopatchingWindowDuration": {
            "type": "string"
        },
        "sqlAuthenticationLogin": {
            "type": "string"
        },
        "sqlAuthenticationPassword": {
            "type": "securestring"
        },
        "rServicesEnabled": {
            "type": "string"
        }
    },
    "variables": {
        "vnetId": "[resourceId(resourceGroup().name,'Microsoft.Network/virtualNetworks', parameters('virtualNetworkName'))]",
        "subnetRef": "[concat(variables('vnetId'), '/subnets/', parameters('subnetName'))]",
        "storageContainerUri": "[concat(concat('https://', parameters('storageAccountName'), '.blob.core.windows.net/'), 'vhds/')]"
    },
    "resources": [
        {
            "name": "[parameters('networkInterfaceName')]",
            "type": "Microsoft.Network/networkInterfaces",
            "apiVersion": "2018-10-01",
            "location": "[parameters('location')]",
            "dependsOn": [
                "[concat('Microsoft.Network/virtualNetworks/', parameters('virtualNetworkName'))]",
                "[concat('Microsoft.Network/publicIpAddresses/', parameters('publicIpAddressName'))]"
            ],
            "properties": {
                "ipConfigurations": [
                    {
                        "name": "ipconfig1",
                        "properties": {
                            "subnet": {
                                "id": "[variables('subnetRef')]"
                            },
                            "privateIPAllocationMethod": "Dynamic",
                            "publicIpAddress": {
                                "id": "[resourceId(resourceGroup().name, 'Microsoft.Network/publicIpAddresses', parameters('publicIpAddressName'))]"
                            }
                        }
                    }
                ],
                "enableAcceleratedNetworking": "[parameters('enableAcceleratedNetworking')]"
            }
        },
        {
            "name": "[parameters('virtualNetworkName')]",
            "type": "Microsoft.Network/virtualNetworks",
            "apiVersion": "2018-08-01",
            "location": "[parameters('location')]",
            "properties": {
                "addressSpace": {
                    "addressPrefixes": "[parameters('addressPrefixes')]"
                },
                "subnets": "[parameters('subnets')]"
            }
        },
        {
            "name": "[parameters('publicIpAddressName')]",
            "type": "Microsoft.Network/publicIpAddresses",
            "apiVersion": "2018-08-01",
            "location": "[parameters('location')]",
            "properties": {
                "publicIpAllocationMethod": "[parameters('publicIpAddressType')]"
            },
            "sku": {
                "name": "[parameters('publicIpAddressSku')]"
            }
        },
        {
            "name": "[parameters('storageAccountName')]",
            "type": "Microsoft.Storage/storageAccounts",
            "apiVersion": "2018-07-01",
            "location": "[parameters('location')]",
            "properties": {},
            "kind": "[parameters('storageAccountKind')]",
            "sku": {
                "name": "[parameters('storageAccountType')]"
            }
        },
        {
            "name": "[parameters('virtualMachineName')]",
            "type": "Microsoft.Compute/virtualMachines",
            "apiVersion": "2018-06-01",
            "location": "[parameters('location')]",
            "dependsOn": [
                "[concat('Microsoft.Storage/storageAccounts/', parameters('storageAccountName'))]",
                "[concat('Microsoft.Network/networkInterfaces/', parameters('networkInterfaceName'))]"
            ],
            "properties": {
                "hardwareProfile": {
                    "vmSize": "[parameters('virtualMachineSize')]"
                },
                "storageProfile": {
                    "osDisk": {
                        "createOption": "fromImage",
                        "vhd": {
                            "uri": "[concat(variables('storageContainerUri'), parameters('virtualMachineName'), parameters('diskNameSalt'), '.vhd')]"
                        },
                        "name": "[parameters('virtualMachineName')]"
                    },
                    "imageReference": {
                        "publisher": "MicrosoftSQLServer",
                        "offer": "SQL2017-WS2016",
                        "sku": "Express",
                        "version": "latest"
                    },
                    "copy": [
                        {
                            "name": "dataDisks",
                            "count": "[length(parameters('dataDisks'))]",
                            "input": {
                                "name": "[concat(parameters('virtualMachineName'), '-disk-', parameters('dataDisks')[copyIndex('dataDisks')].lun)]",
                                "vhd": {
                                    "uri": "[concat(variables('storageContainerUri'), parameters('virtualMachineName'), '-disk-', parameters('dataDisks')[copyIndex('dataDisks')].lun, '-', parameters('diskNameSalt'), '.vhd')]"
                                },
                                "lun": "[parameters('dataDisks')[copyIndex('dataDisks')].lun]",
                                "createOption": "[parameters('dataDisks')[copyIndex('dataDisks')].createOption]",
                                "caching": "[parameters('dataDisks')[copyIndex('dataDisks')].caching]",
                                "diskSizeGB": "[parameters('dataDisks')[copyIndex('dataDisks')].diskSizeGB]",
                                "writeAcceleratorEnabled": false
                            }
                        }
                    ]
                },
                "networkProfile": {
                    "networkInterfaces": [
                        {
                            "id": "[resourceId('Microsoft.Network/networkInterfaces', parameters('networkInterfaceName'))]"
                        }
                    ]
                },
                "osProfile": {
                    "computerName": "[parameters('virtualMachineName')]",
                    "adminUsername": "[parameters('adminUsername')]",
                    "adminPassword": "[parameters('adminPassword')]",
                    "windowsConfiguration": {
                        "enableAutomaticUpdates": true,
                        "provisionVmAgent": true
                    }
                }
            }
        },
        {
            "name": "[parameters('sqlVirtualMachineName')]",
            "type": "Microsoft.SqlVirtualMachine/SqlVirtualMachines",
            "apiVersion": "2017-03-01-preview",
            "location": "[parameters('sqlVirtualMachineLocation')]",
            "properties": {
                "virtualMachineResourceId": "[resourceId('Microsoft.Compute/virtualMachines', parameters('sqlVirtualMachineName'))]",
                "AutoPatchingSettings": {
                    "Enable": true,
                    "DayOfWeek": "[parameters('sqlAutopatchingDayOfWeek')]",
                    "MaintenanceWindowStartingHour": "[parameters('sqlAutopatchingStartHour')]",
                    "MaintenanceWindowDuration": "[parameters('sqlAutopatchingWindowDuration')]"
                },
                "KeyVaultCredentialSettings": {
                    "Enable": false,
                    "CredentialName": ""
                },
                "ServerConfigurationsManagementSettings": {
                    "SQLConnectivityUpdateSettings": {
                        "ConnectivityType": "[parameters('sqlConnectivityType')]",
                        "Port": "[parameters('sqlPortNumber')]",
                        "SQLAuthUpdateUserName": "[parameters('sqlAuthenticationLogin')]",
                        "SQLAuthUpdatePassword": "[parameters('sqlAuthenticationPassword')]"
                    },
                    "SQLWorkloadTypeUpdateSettings": {
                        "SQLWorkloadType": "[parameters('sqlStorageWorkloadType')]"
                    },
                    "SQLStorageUpdateSettings": {
                        "DiskCount": "[parameters('sqlStorageDisksCount')]",
                        "DiskConfigurationType": "[parameters('sqlStorageDisksConfigurationType')]",
                        "StartingDeviceID": "[parameters('sqlStorageStartingDeviceId')]"
                    },
                    "AdditionalFeaturesServerConfigurations": {
                        "IsRServicesEnabled": "[parameters('rServicesEnabled')]"
                    }
                }
            },
            "dependsOn": [
                "[resourceId('Microsoft.Compute/virtualMachines', parameters('sqlVirtualMachineName'))]"
            ]
        }
    ],
    "outputs": {
        "adminUsername": {
            "type": "string",
            "value": "[parameters('adminUsername')]"
        }
    }
}